32cad6da0c6972d165a08c4d9d8d60c1,,,,
18da3b853a371ada1b3bd9065328a9f9,,,,星3
aedd9c6dd90e690053bb6a2f853f6c10,,,,星3
c509a2993bee3254e96777b98a6acaba,,,,星1
cb9b0e2c49cf14bb64d93210e84c7f8c,,,,星1
632cafcb7e16140720a47732461ddcc4,,,,星3
13757e21856a5b048f1ae3ec0e6d5072,,,,星5
9f100a2d18166e1e43570718358d9a52,,,,星1
c9551e1ea04859d47fb20a1c85118e2b,,,,星1
04a7fcdefac172544013f568ecdde0bf,,,,星1
a12481be133f738c717aaff8bec23944,,,,星1
43daba71c9bfca7897eebe1dce98dbb8,,,,星1
29748dcbef75ecebe2e84a4cc94150d7,,,,星1
3020021304c3311ab03f3a8e2a0417d8,,,,星5
4bd7ea82321d590a18d80fa97da5b827,,,,星4
